Entity,Code,Year,Death rate in ongoing wars (low estimate) - Conflict type: civil war,Death rate in ongoing wars (low estimate) - Conflict type: others (non-civil)
Americas,,1816,8.294883,0
Americas,,1817,8.141918,0
Americas,,1818,7.9902782,0
Americas,,1819,6.0173035,0
Americas,,1820,10.112626,0
Americas,,1821,7.24113,0
Americas,,1822,7.084526,0
Americas,,1823,6.965675,0
Americas,,1824,2.8068209,0
Americas,,1825,0,4.310394
Americas,,1826,0,4.235595
Americas,,1827,0,4.1612854
Americas,,1828,3.065615,4.9867334
Americas,,1829,3.009789,0.88287145
Americas,,1830,2.9536128,0
Americas,,1831,2.8972056,0
Americas,,1832,0,0
Americas,,1833,0,0
Americas,,1834,0,0
Americas,,1835,2.2196183,0
Americas,,1836,2.1747007,0
Americas,,1837,0.4288269,2.2444983
Americas,,1838,1.5372151,2.198575
Americas,,1839,5.500672,2.1530075
Americas,,1840,1.4737556,0
Americas,,1841,1.4424293,2.7255204
Americas,,1842,1.4113872,0
Americas,,1843,1.3806406,0
Americas,,1844,1.3503903,2.2179375
Americas,,1845,1.3321502,2.1114771
Americas,,1846,0.9497539,7.245158
Americas,,1847,0.9285858,7.0836787
Americas,,1848,0.0107641,0
Americas,,1849,0.010530423,1.4040564
Americas,,1850,0,0
Americas,,1851,0,1.4307091
Americas,,1852,0,1.4024763
Americas,,1853,0,0
Americas,,1854,0,0
Americas,,1855,0,1.397366
Americas,,1856,0,2.5520232
Americas,,1857,0,1.1586894
Americas,,1858,0,0
Americas,,1859,0,0
Americas,,1860,0,0
Americas,,1861,46.047726,0
Americas,,1862,45.296696,4.409908
Americas,,1863,44.600155,6.496355
Americas,,1864,43.910263,13.343123
Americas,,1865,43.22707,14.740524
Americas,,1866,0,14.50986
Americas,,1867,0,14.281515
Americas,,1868,0,10.042663
Americas,,1869,0,9.879778
Americas,,1870,0,9.715703
Americas,,1871,0,0
Americas,,1872,0,0
Americas,,1873,0,0
Americas,,1874,0,0
Americas,,1875,0,0
Americas,,1876,0,2.8062115
Americas,,1877,0,0
Americas,,1878,0,0
Americas,,1879,0,2.7339022
Americas,,1880,0,2.6833553
Americas,,1881,0,2.6332448
Americas,,1882,0,2.5835993
Americas,,1883,0,2.5344436
Americas,,1884,0,0
Americas,,1885,0,0.36451256
Americas,,1886,0,0
Americas,,1887,0,0
Americas,,1888,0,0
Americas,,1889,0,0
Americas,,1890,0,0
Americas,,1891,4.1469464,0
Americas,,1892,0,0
Americas,,1893,0,0
Americas,,1894,0,0
Americas,,1895,0,0
Americas,,1896,0,0
Americas,,1897,0,0
Americas,,1898,0,0
Americas,,1899,19.15004,0
Americas,,1900,17.350355,0
Americas,,1901,17.036427,0
Americas,,1902,16.724491,0
Americas,,1903,0,0
Americas,,1904,0,0
Americas,,1905,0,0
Americas,,1906,0,0.43445572
Americas,,1907,0,0.60907304
Americas,,1908,0,0
Americas,,1909,0,0
Americas,,1910,0,0
Americas,,1911,0,0
Americas,,1912,0,0
Americas,,1913,0,0
Americas,,1914,0,0
Americas,,1915,0,0
Americas,,1916,0,0
Americas,,1917,0,0
Americas,,1918,0,0
Americas,,1919,0,0
Americas,,1920,0,0
Americas,,1921,0,0
Americas,,1922,0,0
Americas,,1923,0,0
Americas,,1924,0,0
Americas,,1925,0,0
Americas,,1926,0,0
Americas,,1927,0,0
Americas,,1928,0,0
Americas,,1929,0,0
Americas,,1930,0,0
Americas,,1931,0,0
Americas,,1932,0,2.4578261
Americas,,1933,0,2.4280086
Americas,,1934,0,2.398473
Americas,,1935,0,2.3692174
Americas,,1936,0,0
Americas,,1937,0,0
Americas,,1938,0,0
Americas,,1939,0,0
Americas,,1940,0,0
Americas,,1941,0,0.25454047
Americas,,1942,0,0
Americas,,1943,0,0
Americas,,1944,0,0
Americas,,1945,0,0
Americas,,1946,0,0
Americas,,1947,0,0
Americas,,1948,0,0
Americas,,1949,0,0
Americas,,1950,0,0
Americas,,1951,0,0
Americas,,1952,0,0
Americas,,1953,0,0
Americas,,1954,0,0
Americas,,1955,0,0
Americas,,1956,0,0
Americas,,1957,0,0
Americas,,1958,0,0
Americas,,1959,0,0
Americas,,1960,0,0
Americas,,1961,0,0
Americas,,1962,0,0
Americas,,1963,0,0
Americas,,1964,0,0
Americas,,1965,0,0
Americas,,1966,0,0
Americas,,1967,0,0
Americas,,1968,0,0
Americas,,1969,0,0.041641694
Americas,,1970,0,0
Americas,,1971,0,0
Americas,,1972,0,0
Americas,,1973,0,0
Americas,,1974,0,0
Americas,,1975,0,0
Americas,,1976,0,0
Americas,,1977,0,0
Americas,,1978,0,0
Americas,,1979,0,0
Americas,,1980,0,0
Americas,,1981,0,0
Americas,,1982,0,0.15972298
Americas,,1983,0,0
Americas,,1984,0,0
Americas,,1985,0,0
Americas,,1986,0,0
Americas,,1987,0,0
Americas,,1988,0,0
Americas,,1989,0,0
Americas,,1990,0,0
Americas,,1991,0,0
Americas,,1992,0,0
Americas,,1993,0,0
Americas,,1994,0,0
Americas,,1995,0,0
Americas,,1996,0,0
Americas,,1997,0,0
Americas,,1998,0,0
Americas,,1999,0,0
Americas,,2000,0,0
Americas,,2001,0,0
Americas,,2002,0,0
Americas,,2003,0,0
Americas,,2004,0,0
Americas,,2005,0,0
Americas,,2006,0,0
Americas,,2007,0,0
Americas,,2008,0,0
Americas,,2009,0,0
Americas,,2010,0,0
Americas,,2011,0,0
Asia and Oceania,,1816,0,0.06613928
Asia and Oceania,,1817,0,0.17743912
Asia and Oceania,,1818,0,2.2173266
Asia and Oceania,,1819,0,2.3339062
Asia and Oceania,,1820,0,0
Asia and Oceania,,1821,0,0
Asia and Oceania,,1822,0,0.34158292
Asia and Oceania,,1823,0,0.33969834
Asia and Oceania,,1824,0,0.25228402
Asia and Oceania,,1825,0,0.52676666
Asia and Oceania,,1826,0.19376785,0.5238414
Asia and Oceania,,1827,0.19268948,4.1195683
Asia and Oceania,,1828,0,0
Asia and Oceania,,1829,0,0
Asia and Oceania,,1830,0.24878958,0
Asia and Oceania,,1831,0,0
Asia and Oceania,,1832,0,0
Asia and Oceania,,1833,0,0.25181448
Asia and Oceania,,1834,0,0.25124767
Asia and Oceania,,1835,0,0
Asia and Oceania,,1836,0,0.09024707
Asia and Oceania,,1837,0,0.47593775
Asia and Oceania,,1838,0,0.089837395
Asia and Oceania,,1839,0.19528557,0.13983728
Asia and Oceania,,1840,0.19486853,0.13953865
Asia and Oceania,,1841,0.19446504,0.7385846
Asia and Oceania,,1842,0.19407488,0.7371028
Asia and Oceania,,1843,0,1.318416
Asia and Oceania,,1844,0,0.27888685
Asia and Oceania,,1845,0,1.121956
Asia and Oceania,,1846,0,0.84194756
Asia and Oceania,,1847,0,0
Asia and Oceania,,1848,0,0.37477243
Asia and Oceania,,1849,0,0.37434652
Asia and Oceania,,1850,0,0
Asia and Oceania,,1851,0.85296816,0
Asia and Oceania,,1852,0.8544375,0
Asia and Oceania,,1853,0.9592505,0
Asia and Oceania,,1854,0.9616442,0
Asia and Oceania,,1855,0.9639834,0.13269201
Asia and Oceania,,1856,0.9662668,0.21438688
Asia and Oceania,,1857,1.8309476,0.084754296
Asia and Oceania,,1858,1.8350456,0.08494399
Asia and Oceania,,1859,0.972413,0.085097335
Asia and Oceania,,1860,0.97375077,0.085214406
Asia and Oceania,,1861,0.97466457,0
Asia and Oceania,,1862,0.97515863,0
Asia and Oceania,,1863,0.97524315,0
Asia and Oceania,,1864,0.97528535,0.4393212
Asia and Oceania,,1865,0.10434458,0.8149914
Asia and Oceania,,1866,0.10434219,0.33304796
Asia and Oceania,,1867,0.10433552,0.33302665
Asia and Oceania,,1868,0.36096644,0.33299252
Asia and Oceania,,1869,0.25646484,0.17952539
Asia and Oceania,,1870,0,0.35013628
Asia and Oceania,,1871,0,0.34948733
Asia and Oceania,,1872,0,0.19433504
Asia and Oceania,,1873,0.0835264,0.3109674
Asia and Oceania,,1874,0.0832754,0
Asia and Oceania,,1875,0,0.2662531
Asia and Oceania,,1876,0,0.717212
Asia and Oceania,,1877,3.303333,0.45040882
Asia and Oceania,,1878,0,0.29903808
Asia and Oceania,,1879,0,0.29797855
Asia and Oceania,,1880,0,0.29674846
Asia and Oceania,,1881,0,0.29534483
Asia and Oceania,,1882,0,0
Asia and Oceania,,1883,0,0.29436326
Asia and Oceania,,1884,0,0.29261866
Asia and Oceania,,1885,0,0.29085702
Asia and Oceania,,1886,0,0
Asia and Oceania,,1887,0,0
Asia and Oceania,,1888,0,0
Asia and Oceania,,1889,0,0
Asia and Oceania,,1890,0,0
Asia and Oceania,,1891,0,0
Asia and Oceania,,1892,0,0
Asia and Oceania,,1893,0,0
Asia and Oceania,,1894,0,0.16472174
Asia and Oceania,,1895,0,0.98407227
Asia and Oceania,,1896,0,0
Asia and Oceania,,1897,0,0
Asia and Oceania,,1898,0,0.06545105
Asia and Oceania,,1899,0,0
Asia and Oceania,,1900,0,0.2956246
Asia and Oceania,,1901,0,0.17400812
Asia and Oceania,,1902,0,0
Asia and Oceania,,1903,0,0
Asia and Oceania,,1904,0,4.3997025
Asia and Oceania,,1905,0,4.0942736
Asia and Oceania,,1906,0,0
Asia and Oceania,,1907,0,0
Asia and Oceania,,1908,0,0
Asia and Oceania,,1909,0,0
Asia and Oceania,,1910,0,0
Asia and Oceania,,1911,0.18567768,0
Asia and Oceania,,1912,0,0.092131846
Asia and Oceania,,1913,0.20824024,0.09142254
Asia and Oceania,,1914,0,0
Asia and Oceania,,1915,0.25402227,0
Asia and Oceania,,1916,0.25204575,0
Asia and Oceania,,1917,0,0
Asia and Oceania,,1918,0,0.14648195
Asia and Oceania,,1919,0,0.1458951
Asia and Oceania,,1920,0.34604168,0.06526731
Asia and Oceania,,1921,0,0
Asia and Oceania,,1922,1.8944907,0
Asia and Oceania,,1923,0,0
Asia and Oceania,,1924,0.26160008,0
Asia and Oceania,,1925,2.6441772,0
Asia and Oceania,,1926,2.3951924,0
Asia and Oceania,,1927,2.4010952,0
Asia and Oceania,,1928,2.3839571,0
Asia and Oceania,,1929,0,0.28321746
Asia and Oceania,,1930,5.360482,0
Asia and Oceania,,1931,0,2.6554933
Asia and Oceania,,1932,0,3.0472045
Asia and Oceania,,1933,0,0.48343617
Asia and Oceania,,1934,0,0.4783283
Asia and Oceania,,1935,0,0
Asia and Oceania,,1936,0,0
Asia and Oceania,,1937,0,15.593976
Asia and Oceania,,1938,0,15.529655
Asia and Oceania,,1939,0,16.524088
Asia and Oceania,,1940,0,15.167207
Asia and Oceania,,1941,0,45.71465
Asia and Oceania,,1942,0,45.18148
Asia and Oceania,,1943,0,44.52555
Asia and Oceania,,1944,0,44.587242
Asia and Oceania,,1945,0,46.973206
Asia and Oceania,,1946,23.443802,0
Asia and Oceania,,1947,23.317308,0.06474439
Asia and Oceania,,1948,23.182796,0.15717936
Asia and Oceania,,1949,22.977201,0.06380003
Asia and Oceania,,1950,0,10.294083
Asia and Oceania,,1951,0,10.101215
Asia and Oceania,,1952,0,9.896265
Asia and Oceania,,1953,0,9.686107
Asia and Oceania,,1954,0,0.033457417
Asia and Oceania,,1955,0,0.03271505
Asia and Oceania,,1956,0,0
Asia and Oceania,,1957,0,0
Asia and Oceania,,1958,0,0.057355855
Asia and Oceania,,1959,0,0
Asia and Oceania,,1960,0,0
Asia and Oceania,,1961,0,0
Asia and Oceania,,1962,0,0.12521206
Asia and Oceania,,1963,0,0
Asia and Oceania,,1964,0.062301792,0
Asia and Oceania,,1965,0.06078564,6.878091
Asia and Oceania,,1966,0.05935305,6.3500767
Asia and Oceania,,1967,0.057997957,6.2050977
Asia and Oceania,,1968,0.056637347,6.059529
Asia and Oceania,,1969,0.055274684,5.9137397
Asia and Oceania,,1970,0.053965844,5.7737093
Asia and Oceania,,1971,0.61155045,5.6420803
Asia and Oceania,,1972,0.079066925,5.5177584
Asia and Oceania,,1973,0.077338435,5.3971343
Asia and Oceania,,1974,0,0.5842801
Asia and Oceania,,1975,0,0.7921883
Asia and Oceania,,1976,0,0.21534179
Asia and Oceania,,1977,0,0.21142071
Asia and Oceania,,1978,0,0.20762257
Asia and Oceania,,1979,0,1.4270623
Asia and Oceania,,1980,0,0
Asia and Oceania,,1981,0,0
Asia and Oceania,,1982,0,0
Asia and Oceania,,1983,0,0
Asia and Oceania,,1984,0,0
Asia and Oceania,,1985,0,0
Asia and Oceania,,1986,0,0
Asia and Oceania,,1987,0,0.024498591
Asia and Oceania,,1988,0,0
Asia and Oceania,,1989,0,0
Asia and Oceania,,1990,0.030619873,0
Asia and Oceania,,1991,0.030088203,0
Asia and Oceania,,1992,0.02960534,0
Asia and Oceania,,1993,0.029142058,0
Asia and Oceania,,1994,0.061985604,0
Asia and Oceania,,1995,0.06107788,0
Asia and Oceania,,1996,0.110370554,0
Asia and Oceania,,1997,0.07696194,0
Asia and Oceania,,1998,0.075928256,0
Asia and Oceania,,1999,0.074933074,0.03200267
Asia and Oceania,,2000,0.07396408,0
Asia and Oceania,,2001,0.026084984,0.15986207
Asia and Oceania,,2002,0.025755806,0.11150651
Asia and Oceania,,2003,0,0
Asia and Oceania,,2004,0,0
Asia and Oceania,,2005,0,0
Asia and Oceania,,2006,0,0
Asia and Oceania,,2007,0,0
Asia and Oceania,,2008,0.08984915,0
Asia and Oceania,,2009,0.088875696,0
Asia and Oceania,,2010,0,0
Asia and Oceania,,2011,0,0
Europe,,1816,0,0
Europe,,1817,0,0
Europe,,1818,0,0
Europe,,1819,0,0
Europe,,1820,0,0
Europe,,1821,0.4416087,0
Europe,,1822,0.43781155,0
Europe,,1823,0.43424672,0.43424672
Europe,,1824,0.43068066,0
Europe,,1825,0.42710766,0
Europe,,1826,0.42344886,0
Europe,,1827,0.4197932,0
Europe,,1828,0.41614148,0
Europe,,1829,0.41257262,0
Europe,,1830,0,0
Europe,,1831,15.377672,0
Europe,,1832,0,0
Europe,,1833,0,0
Europe,,1834,0,0
Europe,,1835,0,0
Europe,,1836,0,0
Europe,,1837,0,0
Europe,,1838,0,0
Europe,,1839,0,0
Europe,,1840,0,0
Europe,,1841,0,0
Europe,,1842,0,0
Europe,,1843,0,0
Europe,,1844,0,0
Europe,,1845,0,0
Europe,,1846,0,0
Europe,,1847,0,0
Europe,,1848,2.8817732,3.2902646
Europe,,1849,4.764347,0.42387938
Europe,,1850,0,0.41243953
Europe,,1851,0,0
Europe,,1852,0.9134474,0
Europe,,1853,0.907622,11.543904
Europe,,1854,0,12.655594
Europe,,1855,0,12.579205
Europe,,1856,0,12.498235
Europe,,1857,0,0
Europe,,1858,0.8912916,0
Europe,,1859,4.041191,0
Europe,,1860,0,0.6453057
Europe,,1861,0,0
Europe,,1862,3.7821321,0
Europe,,1863,0,0
Europe,,1864,0,1.1671264
Europe,,1865,0,0
Europe,,1866,0,5.1473827
Europe,,1867,0,0
Europe,,1868,0,0
Europe,,1869,0,0
Europe,,1870,0,13.942929
Europe,,1871,0,13.616322
Europe,,1872,0,0
Europe,,1873,0,0
Europe,,1874,0,0
Europe,,1875,0,0
Europe,,1876,1.6485103,0
Europe,,1877,1.6354758,0
Europe,,1878,1.6225196,0
Europe,,1879,0,0
Europe,,1880,0,0
Europe,,1881,0,0
Europe,,1882,0,0
Europe,,1883,0,0
Europe,,1884,0,0
Europe,,1885,0,0.116175406
Europe,,1886,0,0.115270376
Europe,,1887,0,0
Europe,,1888,0,0
Europe,,1889,0,0
Europe,,1890,0,0
Europe,,1891,0,0
Europe,,1892,0,0
Europe,,1893,0,0
Europe,,1894,0,0
Europe,,1895,0,0
Europe,,1896,0,0
Europe,,1897,0,0.4759945
Europe,,1898,0,0
Europe,,1899,0,0
Europe,,1900,0,0
Europe,,1901,0,0
Europe,,1902,0,0
Europe,,1903,0,0
Europe,,1904,0,0
Europe,,1905,0,0
Europe,,1906,0,0
Europe,,1907,0,0
Europe,,1908,0,0
Europe,,1909,0,0
Europe,,1910,0,0
Europe,,1911,0,0
Europe,,1912,0,8.0383215
Europe,,1913,0,8.997738
Europe,,1914,0,281.7337
Europe,,1915,0,352.73697
Europe,,1916,0,348.05035
Europe,,1917,0,348.5522
Europe,,1918,31.789562,231.78201
Europe,,1919,30.129208,11.034963
Europe,,1920,27.379545,4.877814
Europe,,1921,2.1612546,4.3982058
Europe,,1922,0,2.5829122
Europe,,1923,0,0
Europe,,1924,0,0
Europe,,1925,0,0
Europe,,1926,0,0
Europe,,1927,0,0
Europe,,1928,0,0
Europe,,1929,0,0
Europe,,1930,0,0
Europe,,1931,0,0
Europe,,1932,0,0
Europe,,1933,0,0
Europe,,1934,0,0
Europe,,1935,0,0
Europe,,1936,9.448997,0
Europe,,1937,9.603065,0
Europe,,1938,9.53501,0
Europe,,1939,9.468627,29.734474
Europe,,1940,0,43.653854
Europe,,1941,0,684.7363
Europe,,1942,0,675.61694
Europe,,1943,0,687.7283
Europe,,1944,0,726.0667
Europe,,1945,0,707.5474
Europe,,1946,0,0
Europe,,1947,0,0
Europe,,1948,0,0
Europe,,1949,0,0
Europe,,1950,0,0
Europe,,1951,0,0
Europe,,1952,0,0
Europe,,1953,0,0
Europe,,1954,0,0
Europe,,1955,0,0
Europe,,1956,0,0
Europe,,1957,0,0
Europe,,1958,0,0
Europe,,1959,0,0
Europe,,1960,0,0
Europe,,1961,0,0
Europe,,1962,0,0
Europe,,1963,0,0
Europe,,1964,0,0
Europe,,1965,0,0
Europe,,1966,0,0
Europe,,1967,0,0
Europe,,1968,0,0
Europe,,1969,0,0
Europe,,1970,0,0
Europe,,1971,0,0
Europe,,1972,0,0
Europe,,1973,0,0
Europe,,1974,0.214294,0
Europe,,1975,0,0
Europe,,1976,0,0
Europe,,1977,0,0
Europe,,1978,0,0
Europe,,1979,0,0
Europe,,1980,0,0
Europe,,1981,0,0
Europe,,1982,0,0
Europe,,1983,0,0
Europe,,1984,0,0
Europe,,1985,0,0
Europe,,1986,0,0
Europe,,1987,0,0
Europe,,1988,0,0
Europe,,1989,0,0
Europe,,1990,0,0
Europe,,1991,0.2921795,0
Europe,,1992,2.2285807,0.6160648
Europe,,1993,2.4905143,0.6345277
Europe,,1994,2.4888368,0.6341003
Europe,,1995,2.177084,0
Europe,,1996,0,0
Europe,,1997,0,0
Europe,,1998,0,0
Europe,,1999,0.2042201,0
Europe,,2000,0,0
Europe,,2001,0,0
Europe,,2002,0,0
Europe,,2003,0,0
Europe,,2004,0,0
Europe,,2005,0,0
Europe,,2006,0,0
Europe,,2007,0,0
Europe,,2008,0.030316385,0
Europe,,2009,0,0
Europe,,2010,0,0
Europe,,2011,0,0
North Africa and the Middle East,,1816,0,3.8938997
North Africa and the Middle East,,1817,0,2.8596299
North Africa and the Middle East,,1818,0,2.8497257
North Africa and the Middle East,,1819,0,0
North Africa and the Middle East,,1820,0,0
North Africa and the Middle East,,1821,0,5.6988893
North Africa and the Middle East,,1822,0,5.682115
North Africa and the Middle East,,1823,0,0
North Africa and the Middle East,,1824,0,0
North Africa and the Middle East,,1825,0,0
North Africa and the Middle East,,1826,0,6.0057683
North Africa and the Middle East,,1827,0,5.9858704
North Africa and the Middle East,,1828,0,50.555103
North Africa and the Middle East,,1829,0,44.43916
North Africa and the Middle East,,1830,0,7.5260253
North Africa and the Middle East,,1831,0,0
North Africa and the Middle East,,1832,5.19708,0
North Africa and the Middle East,,1833,0,0
North Africa and the Middle East,,1834,0,0
North Africa and the Middle East,,1835,0,0
North Africa and the Middle East,,1836,0,0
North Africa and the Middle East,,1837,0,0
North Africa and the Middle East,,1838,0,0
North Africa and the Middle East,,1839,3.21791,0
North Africa and the Middle East,,1840,3.204226,0
North Africa and the Middle East,,1841,0,0
North Africa and the Middle East,,1842,0,0
North Africa and the Middle East,,1843,0,0
North Africa and the Middle East,,1844,0,2.0920115
North Africa and the Middle East,,1845,0,0
North Africa and the Middle East,,1846,0,0
North Africa and the Middle East,,1847,0,0
North Africa and the Middle East,,1848,0,0
North Africa and the Middle East,,1849,0,0
North Africa and the Middle East,,1850,0,0
North Africa and the Middle East,,1851,0,0
North Africa and the Middle East,,1852,0,0
North Africa and the Middle East,,1853,0,0
North Africa and the Middle East,,1854,0,0
North Africa and the Middle East,,1855,0,0
North Africa and the Middle East,,1856,0,1.176806
North Africa and the Middle East,,1857,0,1.1708292
North Africa and the Middle East,,1858,0,0
North Africa and the Middle East,,1859,0,6.906521
North Africa and the Middle East,,1860,0,6.8698344
North Africa and the Middle East,,1861,0,0
North Africa and the Middle East,,1862,0,0
North Africa and the Middle East,,1863,0,0
North Africa and the Middle East,,1864,0,0
North Africa and the Middle East,,1865,0,0
North Africa and the Middle East,,1866,0,0
North Africa and the Middle East,,1867,0,0
North Africa and the Middle East,,1868,0,0.9198479
North Africa and the Middle East,,1869,0,0
North Africa and the Middle East,,1870,0,1.8840965
North Africa and the Middle East,,1871,9.926909,1.8734787
North Africa and the Middle East,,1872,0,2.4551806
North Africa and the Middle East,,1873,0,0
North Africa and the Middle East,,1874,0,0
North Africa and the Middle East,,1875,0,7.4804955
North Africa and the Middle East,,1876,0,7.4383907
North Africa and the Middle East,,1877,0,27.91774
North Africa and the Middle East,,1878,0,27.7601
North Africa and the Middle East,,1879,0,0
North Africa and the Middle East,,1880,0,0
North Africa and the Middle East,,1881,0,0
North Africa and the Middle East,,1882,0,3.8288367
North Africa and the Middle East,,1883,0,0
North Africa and the Middle East,,1884,0,0
North Africa and the Middle East,,1885,0,13.3011875
North Africa and the Middle East,,1886,0,13.217775
North Africa and the Middle East,,1887,0,14.170692
North Africa and the Middle East,,1888,0,13.051941
North Africa and the Middle East,,1889,0,16.2702
North Africa and the Middle East,,1890,0,0
North Africa and the Middle East,,1891,0,0
North Africa and the Middle East,,1892,0,0
North Africa and the Middle East,,1893,0,2.8552809
North Africa and the Middle East,,1894,0,2.8326242
North Africa and the Middle East,,1895,0,9.444233
North Africa and the Middle East,,1896,0,9.36862
North Africa and the Middle East,,1897,0,0
North Africa and the Middle East,,1898,0,0
North Africa and the Middle East,,1899,0,0
North Africa and the Middle East,,1900,0,0
North Africa and the Middle East,,1901,0,0
North Africa and the Middle East,,1902,0,0
North Africa and the Middle East,,1903,0,0
North Africa and the Middle East,,1904,0,0
North Africa and the Middle East,,1905,0,0
North Africa and the Middle East,,1906,0,0
North Africa and the Middle East,,1907,0,0
North Africa and the Middle East,,1908,0,0
North Africa and the Middle East,,1909,0,3.1321037
North Africa and the Middle East,,1910,0,0
North Africa and the Middle East,,1911,0,6.4807386
North Africa and the Middle East,,1912,0,6.46386
North Africa and the Middle East,,1913,0,0
North Africa and the Middle East,,1914,0,7.8033323
North Africa and the Middle East,,1915,0,9.774111
North Africa and the Middle East,,1916,0,11.482103
North Africa and the Middle East,,1917,0,9.749155
North Africa and the Middle East,,1918,0,9.732843
North Africa and the Middle East,,1919,0,1.1788967
North Africa and the Middle East,,1920,0,2.1687603
North Africa and the Middle East,,1921,11.321572,1.1616235
North Africa and the Middle East,,1922,11.200627,0.24875888
North Africa and the Middle East,,1923,11.056839,0.24556543
North Africa and the Middle East,,1924,11.965744,0.24239533
North Africa and the Middle East,,1925,11.810402,0.23924848
North Africa and the Middle East,,1926,11.656204,0
North Africa and the Middle East,,1927,0,0
North Africa and the Middle East,,1928,0,0
North Africa and the Middle East,,1929,0,0
North Africa and the Middle East,,1930,0,0
North Africa and the Middle East,,1931,0,0
North Africa and the Middle East,,1932,0,0
North Africa and the Middle East,,1933,0,0
North Africa and the Middle East,,1934,0,2.3146558
North Africa and the Middle East,,1935,0,10.267597
North Africa and the Middle East,,1936,0,10.1232
North Africa and the Middle East,,1937,0,0
North Africa and the Middle East,,1938,0,0
North Africa and the Middle East,,1939,0,0
North Africa and the Middle East,,1940,0,12.441845
North Africa and the Middle East,,1941,0,23.476608
North Africa and the Middle East,,1942,0,20.884699
North Africa and the Middle East,,1943,0,20.548695
North Africa and the Middle East,,1944,0,0
North Africa and the Middle East,,1945,0,0
North Africa and the Middle East,,1946,0,0
North Africa and the Middle East,,1947,0,0
North Africa and the Middle East,,1948,0,2.3022027
North Africa and the Middle East,,1949,0,2.2607431
North Africa and the Middle East,,1950,0,0
North Africa and the Middle East,,1951,0,0
North Africa and the Middle East,,1952,0,0
North Africa and the Middle East,,1953,0,0
North Africa and the Middle East,,1954,0,0
North Africa and the Middle East,,1955,0,0
North Africa and the Middle East,,1956,0,0.88223225
North Africa and the Middle East,,1957,0,0
North Africa and the Middle East,,1958,0,0
North Africa and the Middle East,,1959,0,0
North Africa and the Middle East,,1960,0,0
North Africa and the Middle East,,1961,0,0
North Africa and the Middle East,,1962,6.6241994,0
North Africa and the Middle East,,1963,6.449517,0
North Africa and the Middle East,,1964,6.2784023,0
North Africa and the Middle East,,1965,6.112147,0
North Africa and the Middle East,,1966,5.9489217,0
North Africa and the Middle East,,1967,5.787478,2.7476742
North Africa and the Middle East,,1968,5.6303177,0
North Africa and the Middle East,,1969,5.4782653,0.45495686
North Africa and the Middle East,,1970,0.6093056,0.44276208
North Africa and the Middle East,,1971,0,0
North Africa and the Middle East,,1972,0,0
North Africa and the Middle East,,1973,0,5.40389
North Africa and the Middle East,,1974,0,0
North Africa and the Middle East,,1975,1.1057051,0
North Africa and the Middle East,,1976,1.2862604,0
North Africa and the Middle East,,1977,2.6988404,0
North Africa and the Middle East,,1978,2.6241744,0
North Africa and the Middle East,,1979,0,0.39287192
North Africa and the Middle East,,1980,0,9.66791
North Africa and the Middle East,,1981,0,9.362416
North Africa and the Middle East,,1982,4.5022106,10.191433
North Africa and the Middle East,,1983,4.9875603,8.785396
North Africa and the Middle East,,1984,4.841352,8.527855
North Africa and the Middle East,,1985,4.1171527,8.2859335
North Africa and the Middle East,,1986,4.0002995,8.050761
North Africa and the Middle East,,1987,3.8898256,8.6619625
North Africa and the Middle East,,1988,3.7895002,7.6265197
North Africa and the Middle East,,1989,3.6933303,0
North Africa and the Middle East,,1990,3.6019826,0.40022027
North Africa and the Middle East,,1991,3.5120585,5.6385264
North Africa and the Middle East,,1992,0,0
North Africa and the Middle East,,1993,0,0
North Africa and the Middle East,,1994,0.09425987,0
North Africa and the Middle East,,1995,0,0
North Africa and the Middle East,,1996,0,0
North Africa and the Middle East,,1997,0,0
North Africa and the Middle East,,1998,0,4.2246103
North Africa and the Middle East,,1999,0,4.1383047
North Africa and the Middle East,,2000,0,4.0526266
North Africa and the Middle East,,2001,0,0
North Africa and the Middle East,,2002,0,0
North Africa and the Middle East,,2003,0,0.8137535
North Africa and the Middle East,,2004,0,0
North Africa and the Middle East,,2005,0,0
North Africa and the Middle East,,2006,0,0.12542306
North Africa and the Middle East,,2007,0,0
North Africa and the Middle East,,2008,0,0
North Africa and the Middle East,,2009,0,0
North Africa and the Middle East,,2010,0,0
North Africa and the Middle East,,2011,1.7014655,0
Sub-Saharan Africa,,1816,0,0
Sub-Saharan Africa,,1817,0,0
Sub-Saharan Africa,,1818,0,0.44522795
Sub-Saharan Africa,,1819,0,0.44374686
Sub-Saharan Africa,,1820,0,0
Sub-Saharan Africa,,1821,0,0
Sub-Saharan Africa,,1822,0,0
Sub-Saharan Africa,,1823,0,2.0297625
Sub-Saharan Africa,,1824,0,2.0105178
Sub-Saharan Africa,,1825,0,1.9910681
Sub-Saharan Africa,,1826,0,1.9714265
Sub-Saharan Africa,,1827,0,0
Sub-Saharan Africa,,1828,0,0
Sub-Saharan Africa,,1829,0,0
Sub-Saharan Africa,,1830,0,0
Sub-Saharan Africa,,1831,0,0
Sub-Saharan Africa,,1832,0,0
Sub-Saharan Africa,,1833,0,0
Sub-Saharan Africa,,1834,0,0
Sub-Saharan Africa,,1835,0,0
Sub-Saharan Africa,,1836,0,0
Sub-Saharan Africa,,1837,0,0
Sub-Saharan Africa,,1838,0,0
Sub-Saharan Africa,,1839,0,0
Sub-Saharan Africa,,1840,0,0
Sub-Saharan Africa,,1841,0,0
Sub-Saharan Africa,,1842,0,0
Sub-Saharan Africa,,1843,0,0
Sub-Saharan Africa,,1844,0,0
Sub-Saharan Africa,,1845,0,0
Sub-Saharan Africa,,1846,0,0.179069
Sub-Saharan Africa,,1847,0,0.17692989
Sub-Saharan Africa,,1848,0,0
Sub-Saharan Africa,,1849,0,0
Sub-Saharan Africa,,1850,0,0.04199768
Sub-Saharan Africa,,1851,0,2.5699763
Sub-Saharan Africa,,1852,0,0.80789256
Sub-Saharan Africa,,1853,0,0.7641583
Sub-Saharan Africa,,1854,0,0
Sub-Saharan Africa,,1855,0,10.095339
Sub-Saharan Africa,,1856,0,0
Sub-Saharan Africa,,1857,0,1.2703826
Sub-Saharan Africa,,1858,0,1.2667238
Sub-Saharan Africa,,1859,0,1.2629355
Sub-Saharan Africa,,1860,0,4.4124575
Sub-Saharan Africa,,1861,0,4.3983083
Sub-Saharan Africa,,1862,0,0
Sub-Saharan Africa,,1863,0,0
Sub-Saharan Africa,,1864,0,2.1531484
Sub-Saharan Africa,,1865,0,0
Sub-Saharan Africa,,1866,0,0
Sub-Saharan Africa,,1867,0,0
Sub-Saharan Africa,,1868,0,0
Sub-Saharan Africa,,1869,0,0
Sub-Saharan Africa,,1870,0,0
Sub-Saharan Africa,,1871,0,0
Sub-Saharan Africa,,1872,0,0
Sub-Saharan Africa,,1873,0,1.6314107
Sub-Saharan Africa,,1874,0,1.6246223
Sub-Saharan Africa,,1875,0,0
Sub-Saharan Africa,,1876,0,0
Sub-Saharan Africa,,1877,0,0.9788269
Sub-Saharan Africa,,1878,0,0.97469157
Sub-Saharan Africa,,1879,0,8.330503
Sub-Saharan Africa,,1880,0,0
Sub-Saharan Africa,,1881,9.0777645,0
Sub-Saharan Africa,,1882,9.037291,0
Sub-Saharan Africa,,1883,8.996494,0
Sub-Saharan Africa,,1884,9.125162,0
Sub-Saharan Africa,,1885,9.083764,0
Sub-Saharan Africa,,1886,0,0
Sub-Saharan Africa,,1887,0,0
Sub-Saharan Africa,,1888,0,0
Sub-Saharan Africa,,1889,0,0
Sub-Saharan Africa,,1890,0,0.49085066
Sub-Saharan Africa,,1891,0,0.4983079
Sub-Saharan Africa,,1892,0,6.722513
Sub-Saharan Africa,,1893,0,12.870468
Sub-Saharan Africa,,1894,0,4.5248513
Sub-Saharan Africa,,1895,0,0.93475676
Sub-Saharan Africa,,1896,0,3.6570933
Sub-Saharan Africa,,1897,0,4.604704
Sub-Saharan Africa,,1898,0,3.954824
Sub-Saharan Africa,,1899,0,5.4424357
Sub-Saharan Africa,,1900,0,5.264372
Sub-Saharan Africa,,1901,0,0.755322
Sub-Saharan Africa,,1902,0,0.43355134
Sub-Saharan Africa,,1903,0,0.43303114
Sub-Saharan Africa,,1904,0,0
Sub-Saharan Africa,,1905,0,0
Sub-Saharan Africa,,1906,0,0
Sub-Saharan Africa,,1907,0,0
Sub-Saharan Africa,,1908,0,0.19728361
Sub-Saharan Africa,,1909,0,0.19690353
Sub-Saharan Africa,,1910,0,0.1964602
Sub-Saharan Africa,,1911,0,0.19595541
Sub-Saharan Africa,,1912,0,0
Sub-Saharan Africa,,1913,0,0
Sub-Saharan Africa,,1914,0,0
Sub-Saharan Africa,,1915,0,0
Sub-Saharan Africa,,1916,0,0
Sub-Saharan Africa,,1917,0,0
Sub-Saharan Africa,,1918,0,0
Sub-Saharan Africa,,1919,0,0
Sub-Saharan Africa,,1920,0,0
Sub-Saharan Africa,,1921,0,0
Sub-Saharan Africa,,1922,0,0
Sub-Saharan Africa,,1923,0,0
Sub-Saharan Africa,,1924,0,0
Sub-Saharan Africa,,1925,0,0
Sub-Saharan Africa,,1926,0,0
Sub-Saharan Africa,,1927,0,0
Sub-Saharan Africa,,1928,0,0
Sub-Saharan Africa,,1929,0,0
Sub-Saharan Africa,,1930,0,0
Sub-Saharan Africa,,1931,0,0
Sub-Saharan Africa,,1932,0,0
Sub-Saharan Africa,,1933,0,0
Sub-Saharan Africa,,1934,0,0
Sub-Saharan Africa,,1935,0,0
Sub-Saharan Africa,,1936,0,0
Sub-Saharan Africa,,1937,0,0
Sub-Saharan Africa,,1938,0,0
Sub-Saharan Africa,,1939,0,0
Sub-Saharan Africa,,1940,0,7.591709
Sub-Saharan Africa,,1941,0,7.483538
Sub-Saharan Africa,,1942,0,0
Sub-Saharan Africa,,1943,0,0
Sub-Saharan Africa,,1944,0,0
Sub-Saharan Africa,,1945,0,0
Sub-Saharan Africa,,1946,0,0
Sub-Saharan Africa,,1947,0,0
Sub-Saharan Africa,,1948,0,0
Sub-Saharan Africa,,1949,0,0
Sub-Saharan Africa,,1950,0,0
Sub-Saharan Africa,,1951,0,0
Sub-Saharan Africa,,1952,0,0
Sub-Saharan Africa,,1953,0,0
Sub-Saharan Africa,,1954,0,0
Sub-Saharan Africa,,1955,0,0
Sub-Saharan Africa,,1956,0,0
Sub-Saharan Africa,,1957,0,0
Sub-Saharan Africa,,1958,0,0
Sub-Saharan Africa,,1959,0,0
Sub-Saharan Africa,,1960,0,0
Sub-Saharan Africa,,1961,0,0
Sub-Saharan Africa,,1962,0,0
Sub-Saharan Africa,,1963,0,0
Sub-Saharan Africa,,1964,0,0
Sub-Saharan Africa,,1965,0,0
Sub-Saharan Africa,,1966,0,0
Sub-Saharan Africa,,1967,0.60135305,0
Sub-Saharan Africa,,1968,0.58587086,0
Sub-Saharan Africa,,1969,0.57065016,0
Sub-Saharan Africa,,1970,0.5556726,0
Sub-Saharan Africa,,1971,0,0
Sub-Saharan Africa,,1972,0,0
Sub-Saharan Africa,,1973,0,0
Sub-Saharan Africa,,1974,0,0
Sub-Saharan Africa,,1975,0.68942577,0
Sub-Saharan Africa,,1976,0.6705096,0
Sub-Saharan Africa,,1977,0.65236664,0
Sub-Saharan Africa,,1978,0.63401186,0.25229567
Sub-Saharan Africa,,1979,0.6156265,0.24497947
Sub-Saharan Africa,,1980,0.59833497,0
Sub-Saharan Africa,,1981,0.5813379,0
Sub-Saharan Africa,,1982,0.5645832,0
Sub-Saharan Africa,,1983,0.5489375,0
Sub-Saharan Africa,,1984,0.5336981,0
Sub-Saharan Africa,,1985,0.5184428,0
Sub-Saharan Africa,,1986,0.50358915,0
Sub-Saharan Africa,,1987,0.48897892,0
Sub-Saharan Africa,,1988,0.47488576,0
Sub-Saharan Africa,,1989,0.46135706,0
Sub-Saharan Africa,,1990,0.44844776,0
Sub-Saharan Africa,,1991,0.43639702,0
Sub-Saharan Africa,,1992,0.42495587,0
Sub-Saharan Africa,,1993,0.41378465,0
Sub-Saharan Africa,,1994,1.4438876,0
Sub-Saharan Africa,,1995,0.39294192,0
Sub-Saharan Africa,,1996,0.38272792,0
Sub-Saharan Africa,,1997,0.37301192,0
Sub-Saharan Africa,,1998,0.882297,0
Sub-Saharan Africa,,1999,0.85995126,0
Sub-Saharan Africa,,2000,0.83809745,0
Sub-Saharan Africa,,2001,0.8165386,0
Sub-Saharan Africa,,2002,0.7953698,0
Sub-Saharan Africa,,2003,0,0
Sub-Saharan Africa,,2004,0,0
Sub-Saharan Africa,,2005,0,0
Sub-Saharan Africa,,2006,0,0
Sub-Saharan Africa,,2007,0,0
Sub-Saharan Africa,,2008,0,0
Sub-Saharan Africa,,2009,0,0
Sub-Saharan Africa,,2010,0,0
Sub-Saharan Africa,,2011,0,0
World,OWID_WRL,1816,0.23216525,0.20262553
World,OWID_WRL,1817,0.23052864,0.23418336
World,OWID_WRL,1818,0.2288747,1.6178464
World,OWID_WRL,1819,0.17433095,1.5788639
World,OWID_WRL,1820,0.2947517,0
World,OWID_WRL,1821,0.30565134,0.22789392
World,OWID_WRL,1822,0.30273739,0.45292848
World,OWID_WRL,1823,0.30075806,0.43772808
World,OWID_WRL,1824,0.17522566,0.28885415
World,OWID_WRL,1825,0.08880771,0.6024715
World,OWID_WRL,1826,0.21611597,0.83456045
World,OWID_WRL,1827,0.21465276,3.0819757
World,OWID_WRL,1828,0.18490918,2.1331995
World,OWID_WRL,1829,0.18372822,1.7584304
World,OWID_WRL,1830,0.2599835,0.29221287
World,OWID_WRL,1831,3.3355393,0
World,OWID_WRL,1832,0.20103252,0
World,OWID_WRL,1833,0,0.1642131
World,OWID_WRL,1834,0,0.1634489
World,OWID_WRL,1835,0.07832277,0
World,OWID_WRL,1836,0.07795347,0.058423374
World,OWID_WRL,1837,0.015616376,0.38908035
World,OWID_WRL,1838,0.05687623,0.1392145
World,OWID_WRL,1839,0.45575273,0.17081471
World,OWID_WRL,1840,0.30409744,0.08943561
World,OWID_WRL,1841,0.18042213,0.5781987
World,OWID_WRL,1842,0.17961444,0.47009796
World,OWID_WRL,1843,0.055594195,0.83876127
World,OWID_WRL,1844,0.055346575,0.34832948
World,OWID_WRL,1845,0.05557801,0.7982732
World,OWID_WRL,1846,0.040338043,0.8516429
World,OWID_WRL,1847,0.04015272,0.3186031
World,OWID_WRL,1848,0.6323525,0.9568221
World,OWID_WRL,1849,1.0473874,0.39050856
World,OWID_WRL,1850,0,0.09535815
World,OWID_WRL,1851,0.53077495,0.24935317
World,OWID_WRL,1852,0.7328452,0.12398872
World,OWID_WRL,1853,0.79539627,2.6335657
World,OWID_WRL,1854,0.5918881,2.8419821
World,OWID_WRL,1855,0.591098,3.7139065
World,OWID_WRL,1856,0.5902578,3.1427598
World,OWID_WRL,1857,1.1142058,0.24950577
World,OWID_WRL,1858,1.3166217,0.14263466
World,OWID_WRL,1859,1.5175654,0.41875064
World,OWID_WRL,1860,0.5860467,0.7944291
World,OWID_WRL,1861,3.1394227,0.31735042
World,OWID_WRL,1862,4.0132484,0.24805155
World,OWID_WRL,1863,3.1216106,0.37001568
World,OWID_WRL,1864,3.112167,1.4607897
World,OWID_WRL,1865,2.586653,1.3437731
World,OWID_WRL,1866,0.061620284,2.2757819
World,OWID_WRL,1867,0.061424635,1.051623
World,OWID_WRL,1868,0.21184492,0.8424846
World,OWID_WRL,1869,0.15006837,0.71214944
World,OWID_WRL,1870,0,4.3030467
World,OWID_WRL,1871,0.4091727,3.568879
World,OWID_WRL,1872,0,0.21409114
World,OWID_WRL,1873,0.048378024,0.29777887
World,OWID_WRL,1874,0.048119362,0.11703918
World,OWID_WRL,1875,0,0.46228203
World,OWID_WRL,1876,0.40326443,0.90796083
World,OWID_WRL,1877,2.2962062,1.4815884
World,OWID_WRL,1878,0.39889157,1.387664
World,OWID_WRL,1879,0,0.95711476
World,OWID_WRL,1880,0,0.3585963
World,OWID_WRL,1881,0.64723206,0.35625902
World,OWID_WRL,1882,0.642778,0.34486437
World,OWID_WRL,1883,0.6381291,0.35256633
World,OWID_WRL,1884,0.6454718,0.1657404
World,OWID_WRL,1885,0.64073247,0.76745725
World,OWID_WRL,1886,0,0.5713564
World,OWID_WRL,1887,0,0.581266
World,OWID_WRL,1888,0,0.5347627
World,OWID_WRL,1889,0,0.6662046
World,OWID_WRL,1890,0,0.03385105
World,OWID_WRL,1891,0.33376202,0.0344233
World,OWID_WRL,1892,0,0.46195745
World,OWID_WRL,1893,0,0.9965129
World,OWID_WRL,1894,0,0.51569086
World,OWID_WRL,1895,0,1.0000334
World,OWID_WRL,1896,0,0.6318383
World,OWID_WRL,1897,0,0.42683655
World,OWID_WRL,1898,0,0.2986299
World,OWID_WRL,1899,1.6819375,0.3588547
World,OWID_WRL,1900,1.5297091,0.50462043
World,OWID_WRL,1901,1.528447,0.1450802
World,OWID_WRL,1902,1.5162363,0.028020047
World,OWID_WRL,1903,0,0.027787112
World,OWID_WRL,1904,0,2.4164999
World,OWID_WRL,1905,0,2.2460115
World,OWID_WRL,1906,0,0.041051265
World,OWID_WRL,1907,0,0.058147628
World,OWID_WRL,1908,0,0.012222209
World,OWID_WRL,1909,0,0.14364664
World,OWID_WRL,1910,0,0.011941155
World,OWID_WRL,1911,0.10139554,0.28289354
World,OWID_WRL,1912,0,2.3379831
World,OWID_WRL,1913,0.113073476,2.3505495
World,OWID_WRL,1914,0,70.4957
World,OWID_WRL,1915,0.1392946,87.89248
World,OWID_WRL,1916,0.13836986,86.427826
World,OWID_WRL,1917,0,86.108986
World,OWID_WRL,1918,7.781642,57.209595
World,OWID_WRL,1919,7.346055,2.8181875
World,OWID_WRL,1920,6.9791703,1.3317072
World,OWID_WRL,1921,0.9856536,1.1343755
World,OWID_WRL,1922,1.4817188,0.64788014
World,OWID_WRL,1923,0.44330522,0.00984553
World,OWID_WRL,1924,0.6241102,0.009759665
World,OWID_WRL,1925,1.9135069,0.009673846
World,OWID_WRL,1926,1.7716879,0
World,OWID_WRL,1927,1.2991976,0
World,OWID_WRL,1928,1.2875715,0
World,OWID_WRL,1929,0,0.15275453
World,OWID_WRL,1930,2.8885047,0
World,OWID_WRL,1931,0,1.4302329
World,OWID_WRL,1932,0,1.9243664
World,OWID_WRL,1933,0,0.54080176
World,OWID_WRL,1934,0,0.63241565
World,OWID_WRL,1935,0,0.70712465
World,OWID_WRL,1936,2.2687275,0.42805666
World,OWID_WRL,1937,2.298433,8.415361
World,OWID_WRL,1938,2.2748291,8.384106
World,OWID_WRL,1939,2.2524636,15.991587
World,OWID_WRL,1940,0,19.540632
World,OWID_WRL,1941,0,184.34717
World,OWID_WRL,1942,0,180.71945
World,OWID_WRL,1943,0,182.51796
World,OWID_WRL,1944,0,189.80954
World,OWID_WRL,1945,0,186.14833
World,OWID_WRL,1946,12.554101,0
World,OWID_WRL,1947,12.376302,0.034364864
World,OWID_WRL,1948,12.272298,0.18923883
World,OWID_WRL,1949,12.143154,0.13863434
World,OWID_WRL,1950,0,5.433368
World,OWID_WRL,1951,0,5.3399076
World,OWID_WRL,1952,0,5.2429314
World,OWID_WRL,1953,0,5.143772
World,OWID_WRL,1954,0,0.01780852
World,OWID_WRL,1955,0,0.017458279
World,OWID_WRL,1956,0,0.04272067
World,OWID_WRL,1957,0,0
World,OWID_WRL,1958,0,0.030830394
World,OWID_WRL,1959,0,0
World,OWID_WRL,1960,0,0
World,OWID_WRL,1961,0,0
World,OWID_WRL,1962,0.33552688,0.06726515
World,OWID_WRL,1963,0.32828844,0
World,OWID_WRL,1964,0.35485914,0
World,OWID_WRL,1965,0.34743813,3.7372282
World,OWID_WRL,1966,0.3403801,3.4618268
World,OWID_WRL,1967,0.37675893,3.5364964
World,OWID_WRL,1968,0.36918783,3.3249729
World,OWID_WRL,1969,0.36166736,3.2869968
World,OWID_WRL,1970,0.10285,3.2150428
World,OWID_WRL,1971,0.33907408,3.1282506
World,OWID_WRL,1972,0.04395755,3.0676184
World,OWID_WRL,1973,0.043113146,3.3030636
World,OWID_WRL,1974,0.03752436,0.32646194
World,OWID_WRL,1975,0.1137497,0.4433561
World,OWID_WRL,1976,0.123811655,0.120650604
World,OWID_WRL,1977,0.20446424,0.11855748
World,OWID_WRL,1978,0.20094922,0.136281
World,OWID_WRL,1979,0.048798412,0.84379345
World,OWID_WRL,1980,0.047939245,0.57045674
World,OWID_WRL,1981,0.047087207,0.5603179
World,OWID_WRL,1982,0.31962022,0.64056396
World,OWID_WRL,1983,0.35218716,0.54037404
World,OWID_WRL,1984,0.34601238,0.5308999
World,OWID_WRL,1985,0.302971,0.52153546
World,OWID_WRL,1986,0.29757276,0.5122429
World,OWID_WRL,1987,0.29221717,0.5704692
World,OWID_WRL,1988,0.28703007,0.49409467
World,OWID_WRL,1989,0.28201777,0
World,OWID_WRL,1990,0.2945424,0.026337061
World,OWID_WRL,1991,0.3304746,0.3742049
World,OWID_WRL,1992,0.36299694,0.08495905
World,OWID_WRL,1993,0.384826,0.08402032
World,OWID_WRL,1994,0.50221586,0.082783036
World,OWID_WRL,1995,0.3524278,0
World,OWID_WRL,1996,0.09994435,0
World,OWID_WRL,1997,0.08030632,0
World,OWID_WRL,1998,0.13021319,0.2963218
World,OWID_WRL,1999,0.15334459,0.31071106
World,OWID_WRL,2000,0.12678735,0.28852573
World,OWID_WRL,2001,0.09826744,0.09146592
World,OWID_WRL,2002,0.0969935,0.06377676
World,OWID_WRL,2003,0,0.059129946
World,OWID_WRL,2004,0,0
World,OWID_WRL,2005,0,0
World,OWID_WRL,2006,0,0.009358225
World,OWID_WRL,2007,0,0
World,OWID_WRL,2008,0.054315936,0
World,OWID_WRL,2009,0.050356958,0
World,OWID_WRL,2010,0,0
World,OWID_WRL,2011,0.1334186,0